Abreviación;Abrev. Guest;Descripción;Resultado;Rótulo;Muestra;Del Host;Al Guest;Al Host;Método;Unidades;Val. Ref. 1;Val. Ref. 2;Val. Ref. 3;Val. Ref. 4;Val. Ref. 5
HPR;773;17-HIDROXI PROGESTERONA;17-HIDROXIPROGESTERONA;SUERO;0;Si;Si;Si;Quimioluminiscencia;ng/ml.;Hombre adulto 0.5 a 2.1 ng/ml  Mujeres.fase folicular: 0.1 a 0.8 ng/ml  Mujeres fase lútea: 0.6 a 2.3 ng/ml  Mujeres postmenopausia: 0.1 a 0.6 ng/ml  1-3 meses hasta 13.7 ng/ml  Prepúberes hasta 1.7 ng/ml;;;;
;HPG;;17-HIDROXIPROGESTERONA;SUERO;0;No;Si;Si;Quimioluminiscencia;ng/ml.;Hombre adulto 0.5 a 2.1 ng/ml  Mujeres.fase folicular: 0.1 a 0.8 ng/ml  Mujeres fase lútea: 0.6 a 2.3 ng/ml  Mujeres postmenopausia: 0.1 a 0.6 ng/ml  1-3 meses hasta 13.7 ng/ml  Prepúberes hasta 1.7 ng/ml;;;;
NU5;NUC;5-NUCLEOTIDASA;"5"" NUCLEOTIDASA";SUERO;0;No;Si;Si;Cinético UV;U/L;Hasta 10.0 U/L;;;;
;702;;"5"" NUCLEOTIDASA";SUERO;0;Si;Si;Si;Cinético UV;U/L;Hasta 10.0 U/L;;;;
ACTH;6;ACTH CORTICOTROFINA;ACTH - CORTICOTROFINA;P/E.D.T.A;0;Si;Si;Si;Quimioluminiscencia;pg/ml.;de 0 a 46;;;;
;ACT;;ACTH - CORTICOTROFINA;P/E.D.T.A;0;No;Si;Si;Quimioluminiscencia;pg/ml.;de 0 a 46;;;;
ALD;18;ALDOLASA;ALDOLASA;SUERO;0;Si;Si;Si;Espectrofotometría;U/L;Hasta 7,60;;;;
;ALS;;ALDOLASA;SUERO;0;No;Si;Si;Espectrofotometría;U/L;Hasta 7,60;;;;
ALR;19;ALDOSTERONA PLASMATICA;ALDOSTERONA SERICA;SUERO;0;Si;Si;Si;Quimioluminiscencia;ng/dl;- Adulto de pie: de 2.5 a 39.2;- Adulto acostado: de 1.8 a 23.2;;;
;ALD;;ALDOSTERONA SERICA;SUERO;0;No;Si;Si;Quimioluminiscencia;ng/dl;- Adulto de pie: de 2.5 a 39.2;- Adulto acostado: de 1.8 a 23.2;;;
A1AT;57;ALFA 1 ANTITRIPSINA;alfa 1 antitrip.suero(nro.ent);SUERO;0;Si;Si;Si;Inmunoturbidimétrico;g/l;0.9 a 2.0;;;;
;A1AT;;alfa 1 antitrip.suero(nro.ent);SUERO;0;No;Si;Si;Inmunoturbidimétrico;g/l;0.9 a 2.0;;;;
AFP;20;ALFA FETO PROTEINA;ALFA FETO PROTEINA;SUERO;0;Si;Si;Si;Quimioluminiscencia;ng/ml.;Como marcador oncológico: Hasta 8,0 ng/ml  Mediana según semana de embarazo :  Semana 14: 29,1 ng/ml  Semana 15: 31,3 ng/ml  Semana 16: 36,3 ng/ml  Semana 17: 42,0 ng/ml  Semana 18: 48,7 ng/ml  Semana 19: 56,5 ng/ml;;;;
;AFP;;ALFA FETO PROTEINA;SUERO;0;No;Si;Si;Quimioluminiscencia;ng/ml.;Como marcador oncológico: Hasta 8,0 ng/ml  Mediana según semana de embarazo :  Semana 14: 29,1 ng/ml  Semana 15: 31,3 ng/ml  Semana 16: 36,3 ng/ml  Semana 17: 42,0 ng/ml  Semana 18: 48,7 ng/ml  Semana 19: 56,5 ng/ml;;;;
NH4;884;AMONEMIA;AMONIACO EN SANGRE - AMONEMIA;P/E.D.T.A;0;Si;Si;Si;Ultravioleta;ug / 100 ml;RN prematuros: 31 a 211 ug/dl  RN a término: 45 a 109 ug/dl  Niños (1-6 meses): 22 a 94 ug/dl  Adulto: Mujeres 27.2-102 ug/dl              Hombres 18.7-86.9;;;;
;AMS;;AMONIACO EN SANGRE - AMONEMIA;P/E.D.T.A;0;No;Si;Si;Ultravioleta;ug / 100 ml;RN prematuros: 31 a 211 ug/dl  RN a término: 45 a 109 ug/dl  Niños (1-6 meses): 22 a 94 ug/dl  Adulto: Mujeres 27.2-102 ug/dl              Hombres 18.7-86.9;;;;
ALFA-D;988;ANDROSTENEDIOL GLUCURONIDO (ALFA DIOL GLUCURONIDO);ANDROSTENEDIOL GLUCURONIDO (3-ALFA DIOL GLUCURONID;SUERO;0;Si;Si;Si;Enzimoinmunoensayo;ng/ml;Mujer adulta 0.22 a 4.64 ng/ml  Hombre adulto 1.53 a 14.82;;;;
;3DIOL;;ANDROSTENEDIOL GLUCURONIDO (3-ALFA DIOL GLUCURONID;SUERO;0;No;Si;Si;Enzimoinmunoensayo;ng/ml;Mujer adulta 0.22 a 4.64 ng/ml  Hombre adulto 1.53 a 14.82;;;;
AN4;989;ANDROSTENODIONA (delta 4);DELTA 4 ANDROSTENODIONA;SUERO;0;Si;Si;Si;QUIMIOLUMINISCENCIA;ng/ml.;Hombre adulto: 0.6 a 3.1 ng/ml  Mujer adulta: 0.3 a 3.3 ng/ml  Postmenopausia: 0.3 a 1.0 ng/ml  Prepúberes: 0.3 a 1.0 ng/ml;;;;
;D4A;;DELTA 4 ANDROSTENODIONA;SUERO;0;No;Si;Si;QUIMIOLUMINISCENCIA;ng/ml.;Hombre adulto: 0.6 a 3.1 ng/ml  Mujer adulta: 0.3 a 3.3 ng/ml  Postmenopausia: 0.3 a 1.0 ng/ml  Prepúberes: 0.3 a 1.0 ng/ml;;;;
ADN ds;48;ANTIC.ANTI ADN ds (DOBLE CADENA);AC. ANTI-ADN ds (DOBLE CADENA);SUERO;0;Si;Si;Si;Quimioluminiscencia;Ul/ml;Negativo : menor de 25 UI/ml  Indeterminado : 25 a 35 UI/ml  Positivo : mayor de 35;;;;
;DNA;;AC. ANTI-ADN ds (DOBLE CADENA);SUERO;0;No;Si;Si;Quimioluminiscencia;Ul/ml;Negativo : menor de 25 UI/ml  Indeterminado : 25 a 35 UI/ml  Positivo : mayor de 35;;;;
B2G G;14;ANTIC.ANTI BETA 2 GLICOPROTEINA IGG;Beta 2 Glicoproteina IgG;SUERO;0;Si;Si;Si;Quimioluminiscencia;UA/ml.;Negativo : < 16,00;Indeterminado: de 16,00 a 24,00;Positivo : > 24,00;;
;B2G1-G;;Beta 2 Glicoproteina IgG;SUERO;0;No;Si;Si;Quimioluminiscencia;UA/ml.;Negativo : < 16,00;Indeterminado: de 16,00 a 24,00;Positivo : > 24,00;;
B2G M;109;ANTIC.ANTI BETA 2 GLICOPROTEINA IgM;Beta 2 Glicoproteina IgM;SUERO;0;Si;Si;Si;Elisa con IgM;U/ml;Interpretación:  Negativo: < 16 UA/ml  Indeterminado: 16 a 24 UA/ml  Positivo: > 16;;;;
;B2G1-M;;Beta 2 Glicoproteina IgM;SUERO;0;No;Si;Si;Elisa con IgM;U/ml;Interpretación:  Negativo: < 16 UA/ml  Indeterminado: 16 a 24 UA/ml  Positivo: > 16;;;;
CAR;847;ANTIC.ANTI CARDIOLIPINAS IgG;ANTIC. ANTI CARDIOLIPINA IgG;SUERO;0;Si;Si;Si;Quimioluminiscencia;GPLU/ml;Negativo: menor a 8 GPLU/ml  Indeterminado: 8 a 12 GPLU/ml  Positivo: mayor o igual a 12;;;;
;CDG;;ANTIC. ANTI CARDIOLIPINA IgG;SUERO;0;No;Si;Si;Quimioluminiscencia;GPLU/ml;Negativo: menor a 8 GPLU/ml  Indeterminado: 8 a 12 GPLU/ml  Positivo: mayor o igual a 12;;;;
CAM;848;ANTIC.ANTI CARDIOLIPINAS IgM;ANTIC. ANTI CARDIOLIPINA IgM;SUERO;0;Si;Si;Si;Quimioluminiscencia;MPLU/ml;Negativo: menor a 8 MPLU/ml  Indeterminado: 8 a 12 MPLU/ml  Positivo: mayor o igual a 12;;;;
;CDM;;ANTIC. ANTI CARDIOLIPINA IgM;SUERO;0;No;Si;Si;Quimioluminiscencia;MPLU/ml;Negativo: menor a 8 MPLU/ml  Indeterminado: 8 a 12 MPLU/ml  Positivo: mayor o igual a 12;;;;
CEN;80;ANTIC.ANTI CENTROMERO;ANTIC. ANTI-CENTROMERO;SUERO;0;Si;Si;Si;Inmunofluorescencia;;Valor de referencia:Negativo  Dilución de corte: 1/80;;;;
;CEN;;ANTIC. ANTI-CENTROMERO;SUERO;0;No;Si;Si;Inmunofluorescencia;;Valor de referencia:Negativo  Dilución de corte: 1/80;;;;
ENA;232;ANTIC.ANTI ENA;ANTIC. ANTI ENA;SUERO;0;Si;Si;Si;Enzimoinmunoensayo;;Negativo;;;;
;ENA;;ANTIC. ANTI ENA;SUERO;0;No;Si;Si;Enzimoinmunoensayo;;Negativo;;;;
END A;113;ANTIC.ANTI ENDOMISIO IgA;ANTIC. ANTI ENDOMISIO (IgA);SUERO;0;No;Si;Si;Inmunofluorescencia indirecta;;Negativo;;;;
;EDA;;ANTIC. ANTI ENDOMISIO (IgA);SUERO;0;No;Si;Si;Inmunofluorescencia indirecta;;Negativo;;;;
ENG;44;ANTIC.ANTI ENDOMISIO IgG;ANTIC. ANTI ENDOMISIO (IgG);SUERO;0;Si;Si;Si;Inmunofluorescencia Indirecta;;Negativo;;;;
;EDG;;ANTIC. ANTI ENDOMISIO (IgG);SUERO;0;No;Si;Si;Inmunofluorescencia Indirecta;;Negativo;;;;
AAFOL G;845;ANTIC.ANTI FOSFOLIPIDOS IgG;ANTIC. ANTI  FOSFOLIPIDOS (IgG);SUERO;0;Si;Si;Si;Enzimoinmunoensayo;GPL;Negativo: menor o igual a 10 GPL  Positivo : mayor a 10;;;;
;FLG;;ANTIC. ANTI  FOSFOLIPIDOS (IgG);SUERO;0;No;Si;Si;Enzimoinmunoensayo;GPL;Negativo: menor o igual a 10 GPL  Positivo : mayor a 10;;;;
GAA;39;ANTIC.ANTI GLIADINA IgA;ANTIC. ANTI GLIADINA (IgA);SUERO;0;Si;Si;Si;Enzimoinmunoensayo;IU/ml;Negativo < 12 IU/ml;;;;
;GAA;;ANTIC. ANTI GLIADINA (IgA);SUERO;0;No;Si;Si;Enzimoinmunoensayo;IU/ml;Negativo < 12 IU/ml;;;;
GAG;38;ANTIC.ANTI GLIADINA IgG;ANTIC. ANTI GLIADINA (IgG);SUERO;0;Si;Si;Si;Enzimoinmunoensayo;IU/ml;Negativo < 12;;;;
;GDG;;ANTIC. ANTI GLIADINA (IgG);SUERO;0;No;Si;Si;Enzimoinmunoensayo;IU/ml;Negativo < 12;;;;
AJO;235;ANTIC.ANTI JO1;ANTICUERPOS ANTI - JO 1;SUERO;0;Si;Si;Si;Enzimoinmunoensayo;U/ml;Negativo: <15 U/ml  Indeterminado: 15-25 U/ml   Positivo: >25;;;;
;JO-1;;ANTICUERPOS ANTI - JO 1;SUERO;0;No;Si;Si;Enzimoinmunoensayo;U/ml;Negativo: <15 U/ml  Indeterminado: 15-25 U/ml   Positivo: >25;;;;
LKM;30;ANTIC.ANTI LKM;ANTIC. ANTI LKM;SUERO;0;Si;Si;Si;Inmunofluorescencia indirecta;;Negativo  Dilución de corte: 1/40;;;;
;LKM;;ANTIC. ANTI LKM;SUERO;0;No;Si;Si;Inmunofluorescencia indirecta;;Negativo  Dilución de corte: 1/40;;;;
ANC P E;960;ANTIC.ANTI MIELOPEROXIDASA;ANTIC. ANTI-MIELOPEROXIDASA;;;Si;Si;Si;Enzimoinmunoensayo;U/ml;Negativo: menor de 5 U/ml  Positivo: mayor o igual a 5;;;;
;MPO;;ANTIC. ANTI-MIELOPEROXIDASA;;;No;Si;Si;Enzimoinmunoensayo;U/ml;Negativo: menor de 5 U/ml  Positivo: mayor o igual a 5;;;;
MII M2;55;ANTIC.ANTI MITOCONDRIAL AMA;ANTICUERPO ANTI-MITOCONDRIAL M2;SUERO;0;Si;Si;Si;Inmunofluorescencia indirecta;;Negativo   Dilución de corte 1/20;;;;
;MIT;;ANTICUERPO ANTI-MITOCONDRIAL M2;SUERO;0;No;Si;Si;Inmunofluorescencia indirecta;;Negativo   Dilución de corte 1/20;;;;
MLI;42;ANTIC.ANTI MUSCULO LISO I.F;ANTICUERPO ANTI-MUSCULO LISO;SUERO;0;Si;Si;Si;I. F. en hígado y riñón de rata;;Negativo - Dilución de corte 1/40;;;;
;MUL;;ANTICUERPO ANTI-MUSCULO LISO;SUERO;0;No;Si;Si;I. F. en hígado y riñón de rata;;Negativo - Dilución de corte 1/40;;;;
FAN;56;ANTIC.ANTI NUCLEARES IFI;ANTIC. ANTI NUCLEO - FAN -;SUERO;0;Si;Si;Si;Inmunofluorescencia sobre Hep2;;Negativo  Dilución de corte: 1/80;;;;
;FAN;;ANTIC. ANTI NUCLEO - FAN -;SUERO;0;No;Si;Si;Inmunofluorescencia sobre Hep2;;Negativo  Dilución de corte: 1/80;;;;
;FAN;;TITULO;SUERO;0;No;Si;Si;;;;;;;
;FAN;;patrón;SUERO;0;No;Si;Si;;;;;;;
TRAB;TRAB;ANTIC.ANTI RECEPTOR DE TSH estimulador;ANTICUERPOS ANTI-RECEPTOR DE TSH;SUERO;0;No;Si;Si;Quimioluminiscencia;Ul/l;Hasta 1,75;;;;
;237;;ANTICUERPOS ANTI-RECEPTOR DE TSH;SUERO;0;Si;Si;Si;Quimioluminiscencia;Ul/l;Hasta 1,75;;;;
RNP;224;ANTIC.ANTI RNP;ANTI RNP;SUERO;0;Si;Si;Si;Enzimoinmunoensayo;U/ml;Negativo: < 15 U/ml   Indeterminado: 15 - 25 U/ml   Positivo: > 25;;;;
;RNP;;ANTI RNP;SUERO;0;No;Si;Si;Enzimoinmunoensayo;U/ml;Negativo: < 15 U/ml   Indeterminado: 15 - 25 U/ml   Positivo: > 25;;;;
S70;229;ANTIC.ANTI Scl-70;ANTICUERPOS ANTI-Scl-70;SUERO;0;Si;Si;Si;Inmunodifusion radial;;;;;;
;SCL;;ANTICUERPOS ANTI-Scl-70;SUERO;0;No;Si;Si;Inmunodifusion radial;;;;;;
ASM;228;ANTIC.ANTI Sm (Smith);ANTICUERPOS ANTI-SM (Smith);SUERO;0;Si;Si;Si;Enzimoinmunoensayo;U/ml;VR: Positivo: >25 U/ml  Intermedio: 15-25 U/ml  Negativo: <15;;;;
;SM;;ANTICUERPOS ANTI-SM (Smith);SUERO;0;No;Si;Si;Enzimoinmunoensayo;U/ml;VR: Positivo: >25 U/ml  Intermedio: 15-25 U/ml  Negativo: <15;;;;
ARO;225;ANTIC.ANTI SSA (o ANTI RO);ANTIC. ANTI  SSA (Ro);SUERO;0;Si;Si;Si;Quimioluminiscencia;UA/ml;Positivo: Mayor a 24 UA/ml  Indeterminado: 16 a 24 UA/ml  Negativo: Menor a 16 UA/ml;;;;
;RO;;ANTIC. ANTI  SSA (Ro);SUERO;0;No;Si;Si;Quimioluminiscencia;UA/ml;Positivo: Mayor a 24 UA/ml  Indeterminado: 16 a 24 UA/ml  Negativo: Menor a 16 UA/ml;;;;
Ala;226;ANTIC.ANTI SSB (o ANTI La);ANTIC. ANTI SSB (La);SUERO;0;Si;Si;Si;Enzimoinmunoensayo;U/ml;VR: Positivo: >25 U/ml  Intermedio: 15-25 U/ml  Negativo: <15;;;;
;LA;;ANTIC. ANTI SSB (La);SUERO;0;No;Si;Si;Enzimoinmunoensayo;U/ml;VR: Positivo: >25 U/ml  Intermedio: 15-25 U/ml  Negativo: <15;;;;
AATG;782;ANTIC.ANTI TIROGLOBULINA;ANTICUERPO ANTI-TIROGLOBULINA;SUERO;0;Si;Si;Si;Quimioluminiscencia;U/ml;Hasta 4.5;;;;
;ATGS;;ANTICUERPO ANTI-TIROGLOBULINA;SUERO;0;No;Si;Si;Quimioluminiscencia;U/ml;Hasta 4.5;;;;
TPO;123;ANTIC.ANTI TIROPEROXIDASA;Antic.anti-TIROPEROXIDASA;SUERO;0;Si;Si;Si;Quimioluminiscencia;IU/ml;hasta 13.8;;;;
;TPO;;Antic.anti-TIROPEROXIDASA;SUERO;0;No;Si;Si;Quimioluminiscencia;IU/ml;hasta 13.8;;;;
ATG A;520;ANTIC.ANTI TRANSGLUTAMINASA IgA;ANTIC TRANSGLUTAMINASA IGA;SUERO;0;Si;Si;Si;Quimioluminiscencia;Ul/ml;Negativo: Menor de 8 UI/ml  Positivo: Mayor o igual de 8;;;;
;TGA;;ANTIC TRANSGLUTAMINASA IGA;SUERO;0;No;Si;Si;Quimioluminiscencia;Ul/ml;Negativo: Menor de 8 UI/ml  Positivo: Mayor o igual de 8;;;;
ATG G;TGG;ANTIC.ANTI TRANSGLUTAMINASA IgG;ANTIC TRANSGLUTAMINASA TISULAR;SUERO;0;No;Si;Si;Quimioluminiscencia;U /ml;Menor de 20 U/ml: Negativo  Igual o Mayor de 20 U/ml: Positivo;;;;
;TGG;;ANTIC TRANSGLUTAMINASA TISULAR;SUERO;0;Si;Si;Si;Quimioluminiscencia;U /ml;Menor de 20 U/ml: Negativo  Igual o Mayor de 20 U/ml: Positivo;;;;
DGPA;558;ANTICUERPO ANTI PEPTIDO DEAMINADO DE GLIADINA IGA;ANTICUERPOS ANTI GLIADINA PEPTIDO DEAMINADO IGA;SUERO;0;Si;Si;Si;Enzimoinmunoensayo;U/ml;Negativo: < 12 U/ml  Indeterminado: 12-18 U/ml  Positivo: > 18;;;;
;GPD;;ANTICUERPOS ANTI GLIADINA PEPTIDO DEAMINADO IGA;SUERO;0;No;Si;Si;Enzimoinmunoensayo;U/ml;Negativo: < 12 U/ml  Indeterminado: 12-18 U/ml  Positivo: > 18;;;;
DGPG;GGP;ANTICUERPO ANTI PEPTIDO DEAMINADO DE GLIADINA IGG;ANTICUERPOS ANTI GLIADINA PEPTIDO DEAMINADO IGG;SUERO;0;No;Si;Si;Enzimoinmunoensayo;U/ml;Negativo: < 12 U/ml  Indeterminado: 12-18 U/ml  Positivo: > 18;;;;
;GGP;;ANTICUERPOS ANTI GLIADINA PEPTIDO DEAMINADO IGG;SUERO;0;Si;Si;Si;Enzimoinmunoensayo;U/ml;Negativo: < 12 U/ml  Indeterminado: 12-18 U/ml  Positivo: > 18;;;;
PSA;PSA;ANTIGENO PROSTATICO ESPECIFICO (PSA);ANTIG.PROSTATICO ESPECIFICO (PSA);SUERO;0;No;Si;Si;Quimioluminiscencia;ng/ml.;Hasta 4,00 ng/ml;;;;
;75;;ANTIG.PROSTATICO ESPECIFICO (PSA);SUERO;0;Si;Si;Si;Quimioluminiscencia;ng/ml.;Hasta 4,00 ng/ml;;;;
PSA-L;640;ANTIGENO PROSTATICO ESPECIFICO (PSA) - Libre;PSA Libre;SUERO;0;Si;Si;Si;;ng/ml;;;;;
;PSAL;;PSA Libre;SUERO;0;No;Si;Si;;ng/ml;;;;;
MULL;HMU;ANTIMULLERIANA HORMONA (HAM);HORMONA ANTIMULLERIANA;SUERO;0;Si;Si;Si;ELISA;ng/ml;Mujeres: 0.20 - 5.00 ng/ml  Menopausia: < 0.14 ng/ml  Varones: 2.00 - 5.00;;;;
;HMU;;HORMONA ANTIMULLERIANA;SUERO;0;No;Si;Si;ELISA;ng/ml;Mujeres: 0.20 - 5.00 ng/ml  Menopausia: < 0.14 ng/ml  Varones: 2.00 - 5.00;;;;
APO;203;"APOLIPOPROTEINA ""A""";"APOLIPOPROTEINA ""A""";SUERO;0;Si;Si;Si;Inmunoturbidimetría;mg/dl;Hombres: 104 a 202 mg/dl  Mujeres: 108 a 225;;;;
;APOA1;;"APOLIPOPROTEINA ""A""";SUERO;0;No;Si;Si;Inmunoturbidimetría;mg/dl;Hombres: 104 a 202 mg/dl  Mujeres: 108 a 225;;;;
AP0B;APOB;"APOLIPOPROTEINA ""B""";"APOLIPOPROTEINA ""B""";SUERO;0;No;Si;Si;Inmunoturbidimetría;mg/dl;V.R  Hombres: 66 a 144 mg/dl  Mujeres: 60 a 141 mg/dl  --------------------------------  Metas según la estratificación del riesgo de ECV:  Riesgo Moderado < 100 mg/dL  Riesgo Alto < 80mg/dL  Riesgo Muy Alto <65;;;;
;204;;"APOLIPOPROTEINA ""B""";SUERO;0;Si;Si;Si;Inmunoturbidimetría;mg/dl;V.R  Hombres: 66 a 144 mg/dl  Mujeres: 60 a 141 mg/dl  --------------------------------  Metas según la estratificación del riesgo de ECV:  Riesgo Moderado < 100 mg/dL  Riesgo Alto < 80mg/dL  Riesgo Muy Alto <65;;;;
B2M;650;BETA 2 MICROGLOBULINA;BETA 2 MICROGLOBULINA;SUERO;0;Si;Si;Si;Inmunoturbidimetría;mg/l;de 0,8 a 2,2;;;;
;B2M;;BETA 2 MICROGLOBULINA;SUERO;0;No;Si;Si;Inmunoturbidimetría;mg/l;de 0,8 a 2,2;;;;
BCROSS;CTX;Beta CrossLaps;Beta CrossLaps;SUERO;0;No;Si;Si;Electroquimioluminiscencia;pg/ml;Hombres 30-50 años 16-584 pg/ml  51-70 años 10-704 pg/ml  > 70 años 20-854 pg/ml  Mujeres Premenopausia 25-573 pg/ml.  Postmenopausia 104-1008;;;;
;664;;Beta CrossLaps;SUERO;0;Si;Si;Si;Electroquimioluminiscencia;pg/ml;Hombres 30-50 años 16-584 pg/ml  51-70 años 10-704 pg/ml  > 70 años 20-854 pg/ml  Mujeres Premenopausia 25-573 pg/ml.  Postmenopausia 104-1008;;;;
SBR-L;294;BETA HCG LIBRE PLASMATICA;G.C.H. SUB-UNIDAD BETA LIBRE;SUERO;0;Si;Si;Si;Quimioluminiscencia;ng/ml;Semana de embarazo 10 - Mediana 65.92 ng/ml  Semana de embarazo 11 - Mediana 52.90 ng/ml  Semana de embarazo 12 - Mediana 42.45 ng/ml  Semana de embarazo 13 - Mediana 34.07 ng/ml  Semana de embarazo 14 - Mediana 26.50;;;;
;BHL;;G.C.H. SUB-UNIDAD BETA LIBRE;SUERO;0;No;Si;Si;Quimioluminiscencia;ng/ml;Semana de embarazo 10 - Mediana 65.92 ng/ml  Semana de embarazo 11 - Mediana 52.90 ng/ml  Semana de embarazo 12 - Mediana 42.45 ng/ml  Semana de embarazo 13 - Mediana 34.07 ng/ml  Semana de embarazo 14 - Mediana 26.50;;;;
C125;C125;CA 125 (ovario);ANTIG.CARBOHIDRATO MARCADOR CA 125;SUERO;0;No;Si;Si;Quimioluminiscencia;U/ml;hasta 30,20;;;;
;994;;ANTIG.CARBOHIDRATO MARCADOR CA 125;SUERO;0;Si;Si;Si;Quimioluminiscencia;U/ml;hasta 30,20;;;;
C15;993;CA 15/3 (mama);ANTIG.CARBOHIDRATO MARCADOR CA-15/3;SUERO;0;Si;Si;Si;Quimioluniniscencia;U/ml.;Hasta 32.4;;;;
;C153;;ANTIG.CARBOHIDRATO MARCADOR CA-15/3;SUERO;0;No;Si;Si;Quimioluniniscencia;U/ml.;Hasta 32.4;;;;
C19;992;CA 19/9 (Digest.Ginecolog.);ANTIG.CARBOHIDRATO MARCADOR CA 19-9;SUERO;0;Si;Si;Si;Quimioluminiscencia;U/ml;hasta 37,00;;;;
;C199;;ANTIG.CARBOHIDRATO MARCADOR CA 19-9;SUERO;0;No;Si;Si;Quimioluminiscencia;U/ml;hasta 37,00;;;;
C72;991;CA 72-4;CA 72-4;SUERO;0;Si;Si;Si;Electroquimioluminiscencia;U/ml;hasta 4.00;;;;
;C724;;CA 72-4;SUERO;0;No;Si;Si;Electroquimioluminiscencia;U/ml;hasta 4.00;;;;
CAL;137;CALCITONINA Plasmática;CALCITONINA;SUERO;0;Si;Si;Si;Quimioluminiscencia;pg/ml.;mujeres hasta 5.89;hombres hasta 12.69;;;
;CALC;;CALCITONINA;SUERO;0;No;Si;Si;Quimioluminiscencia;pg/ml.;mujeres hasta 5.89;hombres hasta 12.69;;;
CAMF;CPT;CALPROTECTINA;CALPROTECTINA EN MATERIA FECAL;BACTERIO;0;Si;Si;Si;Enzimoinmunoensayo;ug/g. mat. Fecal;Normal hasta 50 ug/g MF  Riesgo moderado 50 a 200 ug/g MF  Riesgo elevado mayor a 200;;;;
;CPT;;CALPROTECTINA EN MATERIA FECAL;BACTERIO;0;No;Si;Si;Enzimoinmunoensayo;ug/g. mat. Fecal;Normal hasta 50 ug/g MF  Riesgo moderado 50 a 200 ug/g MF  Riesgo elevado mayor a 200;;;;
CD4;C41;CD 4 SUBPOBLACION LINFOCITARIA POR CF;CD 4 %;E.D.T.A;0;No;Si;Si;CITOMETRIA de FLUJO;%;36 a 46;;;;
;210;;CD 4 %;E.D.T.A;0;Si;Si;Si;CITOMETRIA de FLUJO;%;36 a 46;;;;
;C42;;CD4 TOTALES;E.D.T.A;0;No;Si;Si;;/mm3;;;;;
LCD;3538LM;LEUCOCITOS PARA CD;LEUCOCITOS PARA CD;E.D.T.A;0;Si;Si;Si;;;;;;;
FCD;3538LMa;LINFOCITOS PARA CD;LINFOCITOS PARA CD;E.D.T.A;0;Si;Si;Si;;;;;;;
CD8;3538LM8b;CD 8 SUBPOBLAC. LINFOCITARIA Citometria de fluj;CD8 TOTALES;E.D.T.A;0;Si;Si;Si;;/mm3;;;;;
;213;;CD 8 %;E.D.T.A;0;Si;Si;Si;CITOMETRIA de FLUJO;%;19 a 40;;;;
;C81;;CD 8 %;E.D.T.A;0;No;Si;Si;CITOMETRIA de FLUJO;%;19 a 40;;;;
;3538LM8;;CD 8 %;E.D.T.A;0;Si;Si;Si;CITOMETRIA de FLUJO;%;19 a 40;;;;
;C82;;CD8 TOTALES;E.D.T.A;0;Si;Si;Si;;/mm3;;;;;
CEA;144;CEA ANTIG CARCINOEMBRIONARIO;ANTIG.CARCINOEMBRIONARIO -CEA-;SUERO;0;Si;Si;Si;Quimioluminiscencia;ng/ml;No Fumadores: menor a 3.0 ng/ml     Fumadores: menor a 5.0;;;;
;CEA;;ANTIG.CARCINOEMBRIONARIO -CEA-;SUERO;0;No;Si;Si;Quimioluminiscencia;ng/ml;No Fumadores: menor a 3.0 ng/ml     Fumadores: menor a 5.0;;;;
CER;151;CERULOPLASMINA;CERULOPLASMINA;SUERO;0;Si;Si;Si;Inmunoturbidimetría;mg/dl;Hombres: 15 a 30 mg/dl   Mujeres: 16 a 45;;;;
;CER;;CERULOPLASMINA;SUERO;0;No;Si;Si;Inmunoturbidimetría;mg/dl;Hombres: 15 a 30 mg/dl   Mujeres: 16 a 45;;;;
CHAE M;242;CHAGAS ELISA IGM;CHAGAS ELISA IgM;SUERO;0;Si;Si;Si;Elisa IgM;;Negativo  Valor de corte 1/30;;;;
CHM;242;CHAGAS IFI IgM;SEROLOGIA PARA CHAGAS;SUERO;0;Si;Si;Si;Inmunofluorescencia indirecta IgM;;Negativo;;;;
;CHA-M;;SEROLOGIA PARA CHAGAS;SUERO;0;No;Si;Si;Inmunofluorescencia indirecta IgM;;Negativo;;;;
CHAI;783;CHAGAS INMUNOFLUORESCENCIA;ANTICUERPOS ANTI TRIPANOSOMA CRUZI (CHAGAS IFI);SUERO;0;Si;Si;Si;Inmunofluorescencia indirecta;;V.R. : Negativo;;;;
;CHI;;ANTICUERPOS ANTI TRIPANOSOMA CRUZI (CHAGAS IFI);SUERO;0;No;Si;Si;Inmunofluorescencia indirecta;;V.R. : Negativo;;;;
CMV G;582;CITOMEGALOVIRUS ANTIC. IgG;ANTICUERPO ANTI-CITOMEGALOVIRUS;SUERO;0;Si;Si;Si;Quimioluminiscencia;UA/ml;Negativo: menor a 6.0 UA/ml  Positivo: mayor o igual 6.0 UA/ml;;;;
;CMV;;ANTICUERPO ANTI-CITOMEGALOVIRUS;SUERO;0;No;Si;Si;Quimioluminiscencia;UA/ml;Negativo: menor a 6.0 UA/ml  Positivo: mayor o igual 6.0 UA/ml;;;;
CMV M;583;CITOMEGALOVIRUS ANTIC. IgM;ANTICUERPO ANTI-CITOMEGALOVIRUS;SUERO;0;Si;Si;Si;Enzimoinmunoenzayo;;Negativo: menor 0.85  Indeterminado: 0.85 a 0.99  Positivo: mayor o igual a 1.00;;;;
;CMM;;ANTICUERPO ANTI-CITOMEGALOVIRUS;SUERO;0;No;Si;Si;Enzimoinmunoenzayo;;Negativo: menor 0.85  Indeterminado: 0.85 a 0.99  Positivo: mayor o igual a 1.00;;;;
ANCA;ANCA;CITOPLASMA NEUTROFILO,AC ANTI (ANCA P o C) IFI;ANTICUERPOS ANTI CITOPLASMA DE NEUTRFILOS (ANCA);SUERO;0;No;Si;Si;Inmunofluorescencia indirecta;;Negativo  Interpretación:  +: Positivo débil  ++: Positivo moderado  +++: Positivo Fuerte;;;;
;88;;ANTICUERPOS ANTI CITOPLASMA DE NEUTRFILOS (ANCA);SUERO;0;Si;Si;Si;Inmunofluorescencia indirecta;;Negativo  Interpretación:  +: Positivo débil  ++: Positivo moderado  +++: Positivo Fuerte;;;;
CU;177;COBRE EN SANGRE;COBRE en sangre;SUERO;0;Si;Si;Si;EFM - Espectrofotometría;ug/dl;Hombres: 70 - 150 ug/dl  Mujeres: 80 - 155;;;;
;CUS;;COBRE en sangre;SUERO;0;No;Si;Si;EFM - Espectrofotometría;ug/dl;Hombres: 70 - 150 ug/dl  Mujeres: 80 - 155;;;;
C50;179;COMPLEMENTO Actividad total (CH50);COMPLEMENTO CH 50 %;SUERO;0;Si;Si;Si;ELISA;U Eq/ml;;;;;
;COM;;COMPLEMENTO CH 50 %;SUERO;0;No;Si;Si;ELISA;U Eq/ml;;;;;
C3;180;COMPLEMENTO INMUNOQ. C3;COMPLEMENTO FRACCION C3;SUERO;0;Si;Si;Si;Inmunoturbidimetría;mg/dl;82 a 193;;;;
;CM3;;COMPLEMENTO FRACCION C3;SUERO;0;No;Si;Si;Inmunoturbidimetría;mg/dl;82 a 193;;;;
C4;181;COMPLEMENTO INMUNOQ. C4;COMPLEMENTO FRACCION C4;SUERO;0;Si;Si;Si;Inmunoturbidimetría;mg/dl;10 a 40;;;;
;CM4;;COMPLEMENTO FRACCION C4;SUERO;0;No;Si;Si;Inmunoturbidimetría;mg/dl;10 a 40;;;;
COR;COR;CORTISOL PLASMATICO;CORTISOL PLASMATICO basal;SUERO;0;No;Si;Si;Quimioluminiscencia;ug/dl;De 4.3 a 22.4;;;;
;189;;CORTISOL PLASMATICO basal;SUERO;0;Si;Si;Si;Quimioluminiscencia;ug/dl;De 4.3 a 22.4;;;;
CKM;188;CPK-MB;CREATINFOSFOKIN.CARDIACA (CPK-MB);SUERO;0;Si;Si;Si;UV-Inmunológico;U/L;3.0 - 25.0;;;;
;CK-MB;;CREATINFOSFOKIN.CARDIACA (CPK-MB);SUERO;0;No;Si;Si;UV-Inmunológico;U/L;3.0 - 25.0;;;;
CROM A;566;CROMOGRANINA A;CROMOGRAMINA A;SUERO;0;Si;Si;Si;Radioinmunoensayo;ng/ml;Hasta 100;;;;
;CRG;;CROMOGRAMINA A;SUERO;0;No;Si;Si;Radioinmunoensayo;ng/ml;Hasta 100;;;;
DHEA;DHEA;DEHIDROEPIANDROSTERONA;DEHIDROEPIANDROSTERONA;SUERO;0;Si;Si;Si;Radioinmunoensayo;ng/ml;Hombre 0.9 - 9.6 ng/ml  Mujer 1.0 - 10.3;;;;
;DHEA;;DEHIDROEPIANDROSTERONA;SUERO;0;No;Si;Si;Radioinmunoensayo;ng/ml;Hombre 0.9 - 9.6 ng/ml  Mujer 1.0 - 10.3;;;;
DEH;262;DEHIDROEPIANDROSTERONA SULFATO (DHEA-S);Sulfato de DEHIDROEPIANDROSTERONA;SUERO;0;Si;Si;Si;Quimioluminscencia;ug/dl;Hombres adultos: 80 a 560 ug/dl  Mujeres adultas: 35 a 430 ug/dl  Prepúberes:Hasta 61 ug/dl;;;;
;DHS;;Sulfato de DEHIDROEPIANDROSTERONA;SUERO;0;No;Si;Si;Quimioluminscencia;ug/dl;Hombres adultos: 80 a 560 ug/dl  Mujeres adultas: 35 a 430 ug/dl  Prepúberes:Hasta 61 ug/dl;;;;
DENGUE M;DEN;DENGUE VIRUS ANTICUERPO  ANTI IgM;DENGUE ANTICUERPO IgM;SUERO;0;Si;Si;Si;Enzimoinmunoensayo;;Negativo: Menor de 0.9  Indeterminado: De 0.9 a 1.1  Positivo: Mayor a 1.1;;;;
;DEN;;DENGUE ANTICUERPO IgM;SUERO;0;No;Si;Si;Enzimoinmunoensayo;;Negativo: Menor de 0.9  Indeterminado: De 0.9 a 1.1  Positivo: Mayor a 1.1;;;;
DENGUE G;534;DENGUEVIRUS  ANTICUERPO ANTI IgG;DENGUE ANTICUERPO IgG;SUERO;0;Si;Si;Si;Enzimoinmunoensayo;;Negativo: < 0.9  Indeterminado: 0.9-1.1  Positivo: > 1.1;;;;
;DEG;;DENGUE ANTICUERPO IgG;SUERO;0;No;Si;Si;Enzimoinmunoensayo;;Negativo: < 0.9  Indeterminado: 0.9-1.1  Positivo: > 1.1;;;;
DMD;807;"DIMERO ""D""";DIMERO D;CITRATO;0;No;Si;Si;Inmunoturbidimétrico;mg/l;Expresado en unidades FEU  Negativo : < 0.5 mg/l  Positivo : > 0.5;;;;
;807;;DIMERO D;CITRATO;0;Si;Si;Si;Inmunoturbidimétrico;mg/l;Expresado en unidades FEU  Negativo : < 0.5 mg/l  Positivo : > 0.5;;;;
DOP;211;DOPAMINA PLASMATICA;DOPAMINA PLASMATICA;BACTERIO;0;Si;Si;Si;HPLC;pg/ml.;0 a 90;;;;
;DOP;;DOPAMINA PLASMATICA;BACTERIO;0;No;Si;Si;HPLC;pg/ml.;0 a 90;;;;
EBV G;275;EPSTEIN BARR ANTI VCA IGG;ANTICUERPOS ANTI EPSTEIN BARR (VCA - IgG);SUERO;0;Si;Si;Si;Quimioluminiscencia;;No Reactivo: Menor a 0.75  Indeterminado: 0.75 a 0.99  Reactivo: mayor o igual 1.00;;;;
;VCAG;;ANTICUERPOS ANTI EPSTEIN BARR (VCA - IgG);SUERO;0;No;Si;Si;Quimioluminiscencia;;No Reactivo: Menor a 0.75  Indeterminado: 0.75 a 0.99  Reactivo: mayor o igual 1.00;;;;
EBV M;276;EPSTEIN BARR ANTI VCA IGM;ANTIC. ANTI EPSTEIN BARR (VCA-IgM);SUERO;0;Si;Si;Si;Quimioluminiscencia;;Negativo: menor 0.50  Indeterminado : 0.50 a 0.99  Positivo: mayor o igual 1.00;;;;
;VCAM;;ANTIC. ANTI EPSTEIN BARR (VCA-IgM);SUERO;0;No;Si;Si;Quimioluminiscencia;;Negativo: menor 0.50  Indeterminado : 0.50 a 0.99  Positivo: mayor o igual 1.00;;;;
EPY;281;ERITROPOYETINA;ERITROPOYETINA;SUERO;0;Si;Si;Si;Quimioluminiscencia;mU/ml.;3.7 - 31.5;;;;
;EPO;;ERITROPOYETINA;SUERO;0;No;Si;Si;Quimioluminiscencia;mU/ml.;3.7 - 31.5;;;;
E2;300;ESTRADIOL PLASMASTICO;ESTRADIOL PLASMATICO;SUERO;0;Si;Si;Si;Quimioluminiscencia;pg/ml.;Hombre adulto: Hasta 39.8 pg/ml  Mujer fase folicular: 19.5 a 144.2 pg/ml  Mujer mitad del ciclo: 63.9 a 356.7 pg/ml  Mujer fase lútea: 55.8 a 214.2 pg/ml  Postmenopausia: menor de 32.2 pg/ml;;;;
;E2;;ESTRADIOL PLASMATICO;SUERO;0;No;Si;Si;Quimioluminiscencia;pg/ml.;Hombre adulto: Hasta 39.8 pg/ml  Mujer fase folicular: 19.5 a 144.2 pg/ml  Mujer mitad del ciclo: 63.9 a 356.7 pg/ml  Mujer fase lútea: 55.8 a 214.2 pg/ml  Postmenopausia: menor de 32.2 pg/ml;;;;
E3;302;ESTRIOL en suero;ESTRIOL TOTAL SERICO;SUERO;0;Si;Si;Si;RADIOINMUNOENSAYO;ng/ml.;;;;;
;302;;ESTRIOL TOTAL SERICO;SUERO;0;No;Si;Si;RADIOINMUNOENSAYO;ng/ml.;;;;;
ESO;ETR;ESTRONA;ESTRONA;SUERO;0;No;Si;Si;Quimioluminiscencia;pg/ml;Hombre: 10-60 pg/ml  Muj.fase folicular: 50 a 100 pg/ml  Muj.fase lútea: 100 a 300 pg/ml  Muj.postmenopausia:10 a 60 pg/ml  Prepúberes: hasta 40;;;;
;305;;ESTRONA;SUERO;0;Si;Si;Si;Quimioluminiscencia;pg/ml;Hombre: 10-60 pg/ml  Muj.fase folicular: 50 a 100 pg/ml  Muj.fase lútea: 100 a 300 pg/ml  Muj.postmenopausia:10 a 60 pg/ml  Prepúberes: hasta 40;;;;
FENIT;340;FENITOINA;FENITOINA;SUERO;0;Si;Si;Si;Quimioluminiscencia;ug/ml;Rango terapéutico: 10.0 a 20.0;;;;
;340;;FENITOINA;SUERO;0;No;Si;Si;Quimioluminiscencia;ug/ml;Rango terapéutico: 10.0 a 20.0;;;;
FET;330;FERRITINA;FERRITINA;SUERO;0;Si;Si;Si;Quimioluniscencia;ng/ml;Hombre adulto: 20 a 320 ng/ml  Mujer adulta : 10 a 280;;;;
;FRR;;FERRITINA;SUERO;0;No;Si;Si;Quimioluniscencia;ng/ml;Hombre adulto: 20 a 320 ng/ml  Mujer adulta : 10 a 280;;;;
FIB;345;FIBRINOGENO EN SANGRE;FIBRINÓGENO;CITRATO;0;Si;Si;Si;Coagulométrico;mg/ml;Adultos: 200 a 400;;;;
;FIB;;FIBRINÓGENO;CITRATO;0;No;Si;Si;Coagulométrico;mg/ml;Adultos: 200 a 400;;;;
AFO;352;FOLICO ACIDO;ACIDO FOLICO;SUERO;0;Si;Si;Si;Quimioluminiscencia;ng/ml;Normal: mayor a 5.3;;;;
;FOL;;ACIDO FOLICO;SUERO;0;No;Si;Si;Quimioluminiscencia;ng/ml;Normal: mayor a 5.3;;;;
FAP;355;FOSFATASA ACIDA PROSTATICA;FOSFATASA ACIDA PROSTATICA;SUERO;0;Si;Si;Si;Andersch,M. y Fishman,W.;U/l;Hasta 4;;;;
;FAP;;FOSFATASA ACIDA PROSTATICA;SUERO;0;No;Si;Si;Andersch,M. y Fishman,W.;U/l;Hasta 4;;;;
FAT;356;FOSFATASA ACIDA TOTAL;FOSFATASA ACIDA TOTAL;SUERO;0;Si;Si;Si;Cinético - Colorimétrico;U/l;Hombres 6.6 U/l  Mujeres 6.5;;;;
;FAT;;FOSFATASA ACIDA TOTAL;SUERO;0;No;Si;Si;Cinético - Colorimétrico;U/l;Hombres 6.6 U/l  Mujeres 6.5;;;;
ALG;374;FRUCTOSAMINA;Fructosamina(2do.valor+grande);SUERO;0;Si;Si;Si;Colorimétrico (NBT);umol/l;Hasta 285 umol/l  En pacientes diabéticos sin tratamiento se observan valores de 228 a 563 umol/l;;;;
;FRU;;Fructosamina(2do.valor+grande);SUERO;0;No;Si;Si;Colorimétrico (NBT);umol/l;Hasta 285 umol/l  En pacientes diabéticos sin tratamiento se observan valores de 228 a 563 umol/l;;;;
FSH;FSH;FSH;F.S.H. PLASMATICA;SUERO;0;No;Si;Si;Quimioluminiscencia;mUI/ml;Hombre adulto: 1,4 a 18,1 mUl/ml  Mujer fase folicular: 2,5 a 10,2 mUl/ml  Mujer mitad del ciclo: 3,4 a 33,4 mUl/ml  Mujer fase lútea: 1,5 a 9,1 mUl/ml  Mujer postmenopausia: 23,0 a 116,3 mUl/ml;;;;
;370;;F.S.H. PLASMATICA;SUERO;0;Si;Si;Si;Quimioluminiscencia;mUI/ml;Hombre adulto: 1,4 a 18,1 mUl/ml  Mujer fase folicular: 2,5 a 10,2 mUl/ml  Mujer mitad del ciclo: 3,4 a 33,4 mUl/ml  Mujer fase lútea: 1,5 a 9,1 mUl/ml  Mujer postmenopausia: 23,0 a 116,3 mUl/ml;;;;
FTA;371;FTA-ABS por IFI (ac. totales);ANTICUERPOS ANTI TREPONEMA PALLIDUM;SUERO;0;Si;Si;Si;Quimioluminiscencia;;Hasta 0.90: No reactivo  0.90 a 1.10: Indeterminado  Mayor a 1.10: Reactivo;;;;
;371;;ANTICUERPOS ANTI TREPONEMA PALLIDUM;SUERO;0;No;Si;Si;Quimioluminiscencia;;Hasta 0.90: No reactivo  0.90 a 1.10: Indeterminado  Mayor a 1.10: Reactivo;;;;
GLAE;857;GLOBULINATRANSP. DE ANDR-ESTROG.(GLAE);GLAE;SUERO;0;Si;Si;Si;Quimioluminiscencia;nmol/l;Hombre: 13 a 57 nmol/l  Mujer: 18 a 144;;;;
;GLAE;;GLAE;SUERO;0;No;Si;Si;Quimioluminiscencia;nmol/l;Hombre: 13 a 57 nmol/l  Mujer: 18 a 144;;;;
HAPS;463;HAPTOGLOBINA SERICA;HAPTOGLOBINA;SUERO;0;Si;Si;Si;Inmunoturbidimético;mg/dl;30 a 200;;;;
;HAP;;HAPTOGLOBINA;SUERO;0;No;Si;Si;Inmunoturbidimético;mg/dl;30 a 200;;;;
HPY A;HPA;HELICOBACTER PYLORI Elisa IgA;Antic.Anti  HELICOBACTER PYLORI IgA;SUERO;0;No;Si;Si;Inmunofluorescencia indirecta;;Negativo;;;;
;462;;Antic.Anti  HELICOBACTER PYLORI IgA;SUERO;0;Si;Si;Si;Inmunofluorescencia indirecta;;Negativo;;;;
HPY G;464;HELICOBACTER PYLORI Elisa IgG;Antic.Anti HELICOBACTER PYLORI;SUERO;0;Si;Si;Si;Quimioluminiscencia;µUI/ml;Menor de 0.9 U/ml : No Reactivo  Entre 0.9 U/ml y 1.1 U/ml : Indeterminado  Mayor de 1.1 U/ml :Reactivo;;;;
;HPYG;;Antic.Anti HELICOBACTER PYLORI;SUERO;0;No;Si;Si;Quimioluminiscencia;µUI/ml;Menor de 0.9 U/ml : No Reactivo  Entre 0.9 U/ml y 1.1 U/ml : Indeterminado  Mayor de 1.1 U/ml :Reactivo;;;;
HPY M;465;HELICOBACTER PYLORI Elisa IgM;Antic.Anti HELICOBACTER PYLORI IgM;SUERO;0;Si;Si;Si;Inmunofluorescencia Indirecta;;Negativo  Valor de corte 1/64;;;;
;HPM;;Antic.Anti HELICOBACTER PYLORI IgM;SUERO;0;No;Si;Si;Inmunofluorescencia Indirecta;;Negativo  Valor de corte 1/64;;;;
HGY;414;HEMOGLOBINA GLICOSILADA;HEMOGLOBINA GLICOSILADA HBA 1C;E.D.T.A;0;No;Si;Si;Inmunológico turbidimétrico;%;de 4,80 a 5,90;;;;
;HBG;;HEMOGLOBINA GLICOSILADA HBA 1C;E.D.T.A;0;No;Si;Si;Inmunológico turbidimétrico;%;de 4,80 a 5,90;;;;
HAV Ac G;71;HEPAT. A  ANTIC.ANTI IgG;HVA-Ac IgG (ANTIC.ANTI-HEPATITIS A;SUERO;0;Si;Si;Si;Quimioluminiscencia;mUI/ml;No Reactivo: Menor de 20.0 mUI/ml  Reactivo: Igual o Mayor de 20.0;;;;
;HAG;;HVA-Ac IgG (ANTIC.ANTI-HEPATITIS A;SUERO;0;No;Si;Si;Quimioluminiscencia;mUI/ml;No Reactivo: Menor de 20.0 mUI/ml  Reactivo: Igual o Mayor de 20.0;;;;
HAV Ac M;HAM;HEPAT. A  ANTIC.ANTI IgM;HAV-Ac IgM (ANTIC.ANTI-HEPAT. A);SUERO;0;No;Si;Si;Electroquimioluminiscencia;;No Reactivo: Menor de 0.80  Indeterminado: Desde 0.80 a 1.10  Reactivo: Igual o mayor de 1.20;;;;
;72;;HAV-Ac IgM (ANTIC.ANTI-HEPAT. A);SUERO;0;Si;Si;Si;Electroquimioluminiscencia;;No Reactivo: Menor de 0.80  Indeterminado: Desde 0.80 a 1.10  Reactivo: Igual o mayor de 1.20;;;;
HBE Ac;69;HEPAT. B - E  ANTIC.ANTI;HBe  ANTI ANTIG E DE HBV;SUERO;0;Si;Si;Si;Electroquimioluminiscencia;;No Reactivo: Mayor de 1.00  Reactivo: Igual o menor de 1.00;;;;
;ACE;;HBe  ANTI ANTIG E DE HBV;SUERO;0;No;Si;Si;Electroquimioluminiscencia;;No Reactivo: Mayor de 1.00  Reactivo: Igual o menor de 1.00;;;;
HBC Ac G;HBC;HEPAT. B Ag. CORE, Ac. IgG;HBc ANTICUERPO ANTI-CORE (IgG);SUERO;0;No;Si;Si;Quimioluminiscencia;;Menor a 1.0 : No Reactivo  Mayor o Igual a 1.0 : Reactivo;;;;
;66;;HBc ANTICUERPO ANTI-CORE (IgG);SUERO;0;Si;Si;Si;Quimioluminiscencia;;Menor a 1.0 : No Reactivo  Mayor o Igual a 1.0 : Reactivo;;;;
HBC Ac M;BCM;HEPAT. B Ag. CORE, Ac. IgM;HBc - ANTIC.ANTI CORE HBV (IgM);SUERO;0;No;Si;Si;Quimioluminiscencia;;Menor a 0.80 :No reactivo   0.80 a 0.99 :Indeterminado  Mayor o igual a 1.0 :Reactivo;;;;
;67;;HBc - ANTIC.ANTI CORE HBV (IgM);SUERO;0;Si;Si;Si;Quimioluminiscencia;;Menor a 0.80 :No reactivo   0.80 a 0.99 :Indeterminado  Mayor o igual a 1.0 :Reactivo;;;;
HBS Ac;65;HEPAT. B Ag. DE SUP  ANTIC.ANTI;HEPATITIS B ANTIC. ANTI-SUPERFICIE;SUERO;0;Si;Si;Si;Quimioluminiscencia;mUl/ml;No reactivo: Hasta 7,5 mUl/ml  Indeterminado: De 7,6 a 9,9 mUl/ml  Reactivo: Igual o mayor de 10;;;;
;BS;;HEPATITIS B ANTIC. ANTI-SUPERFICIE;SUERO;0;No;Si;Si;Quimioluminiscencia;mUl/ml;No reactivo: Hasta 7,5 mUl/ml  Indeterminado: De 7,6 a 9,9 mUl/ml  Reactivo: Igual o mayor de 10;;;;
HBS Ag;BSA;HEPAT. B ANTIG. DE SUP (HBsAg) (Eli;HEPATITIS B Antig. de SUPERFICIE;SUERO;0;No;Si;Si;Quimioluminiscencia;;Menor de 1.00: No Reactivo   Igual o Mayor de 1.00: Reactivo;;;;
;53;;HEPATITIS B Antig. de SUPERFICIE;SUERO;0;Si;Si;Si;Quimioluminiscencia;;Menor de 1.00: No Reactivo   Igual o Mayor de 1.00: Reactivo;;;;
HBE Ag;68;HEPAT. B ANTIGENO E;HBeAg- ANTIGENO E de HVB;SUERO;0;Si;Si;Si;Quimioluminiscencia;;Menor a 1: No Reactivo  Mayor o igual a 1 : Reactivo;;;;
;AGE;;HBeAg- ANTIGENO E de HVB;SUERO;0;No;Si;Si;Quimioluminiscencia;;Menor a 1: No Reactivo  Mayor o igual a 1 : Reactivo;;;;
HCV G;76;HEPAT. C ANTIC.ANTI TOTALES ELISA;HEPATITIS C (HCV) Anticuerpos Anti;SUERO;0;Si;Si;Si;QUIMIOLUMINISCENCIA;;No Reactivo: Menor de 0.80  Indeterminado: Desde 0.80 a 0.99  Reactivo: Igual o mayor de 1.00;;;;
;HCV;;HEPATITIS C (HCV) Anticuerpos Anti;SUERO;0;No;Si;Si;QUIMIOLUMINISCENCIA;;No Reactivo: Menor de 0.80  Indeterminado: Desde 0.80 a 0.99  Reactivo: Igual o mayor de 1.00;;;;
HV1 G;496;HERPES I ANTIC.ANTI IgG ELISA;Antic Anti VIRUS HERPES I;SUERO;0;Si;Si;Si;Electroquimioluminiscencia;;Menor a 0.9 :No Reactivo  de 0.9 a 1.1 : Indeterminado  Mayor a 1.1 : Reactivo;;;;
;H1G;;Antic Anti VIRUS HERPES I;SUERO;0;No;Si;Si;Electroquimioluminiscencia;;Menor a 0.9 :No Reactivo  de 0.9 a 1.1 : Indeterminado  Mayor a 1.1 : Reactivo;;;;
HV12;91;HERPES I Y II ANTIC.ANTI IgM;Antic Anti VIRUS HERPES I Y II (IGM);SUERO;0;Si;Si;Si;Quimioluminiscencia;;Menor a 0.9 :Negativo  de 0.9 a 1.1 : Indeterminado  Mayor a 1.1 : Positivo;;;;
;H12M;;Antic Anti VIRUS HERPES I Y II (IGM);SUERO;0;No;Si;Si;Quimioluminiscencia;;Menor a 0.9 :Negativo  de 0.9 a 1.1 : Indeterminado  Mayor a 1.1 : Positivo;;;;
HV2 G;497;HERPES II ANTIC.ANTI IgG ELISA;Antic Anti VIRUS HERPES 2;SUERO;0;Si;Si;Si;Electroquimioluminiscencia;;No Reactivo : menor a 0.9  Indeterminado: de 0.9 a 1.1  Reactivo : mayor a 1.1;;;;
;H2G;;Antic Anti VIRUS HERPES 2;SUERO;0;No;Si;Si;Electroquimioluminiscencia;;No Reactivo : menor a 0.9  Indeterminado: de 0.9 a 1.1  Reactivo : mayor a 1.1;;;;
AHID;705;HIDATIDOSIS AC ANTI;ANTICUERPOS ANTI EQUINOCOCCUS GRANULOSUS (Hidatido;SUERO;0;Si;Si;Si;Inmunofluorescencia indirecta;;;;;;
;705;;ANTICUERPOS ANTI EQUINOCOCCUS GRANULOSUS (Hidatido;SUERO;0;No;Si;Si;Inmunofluorescencia indirecta;;;;;;
HIV;HIV;HIV (SIDA);H.I.V.(I+II) Virus Inmunodef.Humana;SUERO;0;No;Si;Si;Quimioluminiscencia;;Menor o igual a 0.99: No reactivo  Mayor o igual a 1: Reactivo;;;;
;63;;H.I.V.(I+II) Virus Inmunodef.Humana;SUERO;0;Si;Si;Si;Quimioluminiscencia;;Menor o igual a 0.99: No reactivo  Mayor o igual a 1: Reactivo;;;;
HIV CV;HIV-LOG;HIV CARGA VIRAL;Log.10 Nro.copias de ARN viral;P/E.D.T.A;0;No;Si;Si;;;;;;;
;476;;CARGA VIRAL HIV (nro.entero);P/E.D.T.A;0;Si;Si;Si;;copias de ARN viral/;;;;;
;HIV-CV;;CARGA VIRAL HIV (nro.entero);P/E.D.T.A;0;No;Si;Si;;copias de ARN viral/;;;;;
HOM;HOS;HOMOCISTEINA;HOMOCISTEINA PLASMATICA;P/E.D.T.A;0;No;Si;Si;Quimioluminiscencia;umol/l;3.7 a 13.9;;;;
;489;;HOMOCISTEINA PLASMATICA;P/E.D.T.A;0;Si;Si;Si;Quimioluminiscencia;umol/l;3.7 a 13.9;;;;
IGA;537;IGA cadena Alfa;INMUNOGLOBULINA A;SUERO;0;Si;Si;Si;Inmunodifusion radial;mg/dL;Adultos: 90 - 300;NIÑOS:18 MESES -3 AÑOS: 45 - 142;3-7 años 56 - 170 mg/dl  7-9 años 68 210 mg/dl  9-11 años 73-222 mg/dl  11-13 años 81-300;0-1 año: 0 a 83 mg/dL  1-3 años: 20 a 100 mg/dL  4-6 años: 27 a 195 mg/dL  7-9 años: 34 a 305 mg/dL  10-11: años 53 a 204 mg/dL  12-13: años 58 a 358 mg/dL  14-15: años 47 a 249 mg/dL    Adultos: 70 a 400 mg/dL;0-1 año 0.00 a 83 mg/dL  1-3 años 20 a 100 mg/dL  4-6 años 27 a 195 mg/dL  7-9 años 34 a 305 mg/dL  10-11 años 53 a 204 mg/dL  12-13 años 58 a 358 mg/dL  14-15 años 47 a 249 mg/dL  Adultos: 70 a 400
;IGA;;INMUNOGLOBULINA A;SUERO;0;No;Si;Si;Inmunodifusion radial;mg/dL;Adultos: 90 - 300;NIÑOS:18 MESES -3 AÑOS: 45 - 142;3-7 años 56 - 170 mg/dl  7-9 años 68 210 mg/dl  9-11 años 73-222 mg/dl  11-13 años 81-300;0-1 año: 0 a 83 mg/dL  1-3 años: 20 a 100 mg/dL  4-6 años: 27 a 195 mg/dL  7-9 años: 34 a 305 mg/dL  10-11: años 53 a 204 mg/dL  12-13: años 58 a 358 mg/dL  14-15: años 47 a 249 mg/dL    Adultos: 70 a 400 mg/dL;0-1 año 0.00 a 83 mg/dL  1-3 años 20 a 100 mg/dL  4-6 años 27 a 195 mg/dL  7-9 años 34 a 305 mg/dL  10-11 años 53 a 204 mg/dL  12-13 años 58 a 358 mg/dL  14-15 años 47 a 249 mg/dL  Adultos: 70 a 400
IGE;539;IGE;INMUNOGLOBULINA E TOTAL (IgE);SUERO;0;Si;Si;Si;Quimiolumiscencia;UI/ml;Adultos hasta 158 UI/ml  Niños: hasta 1 año: hasta 20 UI/ml  1 a 4 años: hasta 100 UI/ml  5 a 10 años: hasta 150 UI/ml  11 a 15 años.hasta 170;;;;
;IGE;;INMUNOGLOBULINA E TOTAL (IgE);SUERO;0;No;Si;Si;Quimiolumiscencia;UI/ml;Adultos hasta 158 UI/ml  Niños: hasta 1 año: hasta 20 UI/ml  1 a 4 años: hasta 100 UI/ml  5 a 10 años: hasta 150 UI/ml  11 a 15 años.hasta 170;;;;
R AMOXI;IH1;IGE ESPECIFICA AMOXICILINA;RAST especifico para AMOXICILINA;SUERO;0;Si;Si;Si;ELISA;UI/ml;Valor de referencia:  Clase 0: Ausencia de IgE específica  Clase 1:Bajo  Clase 2:Moderado  Clase 3:Alto  Clase 4:Muy Alto;;;;
;IH1;;RAST especifico para AMOXICILINA;SUERO;0;No;Si;Si;ELISA;UI/ml;Valor de referencia:  Clase 0: Ausencia de IgE específica  Clase 1:Bajo  Clase 2:Moderado  Clase 3:Alto  Clase 4:Muy Alto;;;;
R LATEX;LAT-R;IGE ESPECIFICA LATEX;RAST especifico para LATEX;SUERO;0;No;Si;Si;Elisa;UI/ml;;;;;
;IH5;;RAST especifico para LATEX;SUERO;0;Si;Si;Si;Elisa;UI/ml;;;;;
R PEN-O;IA5;IGE ESPECIFICA PENICILINA ORAL;RAST para PENICILINA ORAL;SUERO;0;Si;Si;Si;Enzimoinmunoensayo;;Clase 0: Ausencia de IgE específica  Clase 1: Bajo  Clase 2: Moderado  Clase 3: Alto  Clase 4: Muy Alto  Clase 5: Extremadamente Alto;;;;
;IA5;;RAST para PENICILINA ORAL;SUERO;0;No;Si;Si;Enzimoinmunoensayo;;Clase 0: Ausencia de IgE específica  Clase 1: Bajo  Clase 2: Moderado  Clase 3: Alto  Clase 4: Muy Alto  Clase 5: Extremadamente Alto;;;;
R TRIGO;IB5;IGE ESPECIFICA TRIGO;RAST especifico para TRIGO;SUERO;0;Si;Si;Si;Quimioluminiscencia;;Clase 0: Ausencia de IgE específica  Clase 1:Bajo  Clase 2:Moderado  Clase 3:Alto  Clase 4:Muy Alto  Clase 5: Extremadamente Alto;;;;
;IB5;;RAST especifico para TRIGO;SUERO;0;No;Si;Si;Quimioluminiscencia;;Clase 0: Ausencia de IgE específica  Clase 1:Bajo  Clase 2:Moderado  Clase 3:Alto  Clase 4:Muy Alto  Clase 5: Extremadamente Alto;;;;
IGF-I;849;IGF-I   -  SOMATOMEDINA C;SOMATOMEDINA C (IGF-1);SUERO;0;Si;Si;Si;Quimioluminiscencia;ng/ml;;;;;
;SMC;;SOMATOMEDINA C (IGF-1);SUERO;0;No;Si;Si;Quimioluminiscencia;ng/ml;;;;;
IGFBP-3;IP3;IGFBP-3 PROTEINA LIGADORA DE IGF1;Resultado;SUERO;0;Si;Si;Si;Quimioluminiscencia;ug/ml;;;;;
;IP3;;Resultado;SUERO;0;No;Si;Si;Quimioluminiscencia;ug/ml;;;;;
IGG;IGG;IGG cadena GAMMA;INMUNOGLOBULINA G;SUERO;0;No;Si;Si;Inmunodifusion radial;mg/dL;NIÑOS:  350  -  1200  ADULTOS: 730 - 1520;;;;
;540;;INMUNOGLOBULINA G;SUERO;0;Si;Si;Si;Inmunodifusion radial;mg/dL;NIÑOS:  350  -  1200  ADULTOS: 730 - 1520;;;;
IGM;541;IGM cadena MU;INMUNOGLOBULINA M;SUERO;0;Si;Si;Si;Inmunodifusion radial;mg/dL;Niños: 28 A 112  Adulto: 40 A 240;0-1 año 0 a 145 mg/dl  1-3 años 19 a 146 mg/dl  4-6 años 24 a 210 mg/dl  7-9 años 31 a 208 mg/dl  10-11 años 31 a 179 mg/dl  12-13 años 35 a 239 mg/dl  14-15 años 15 a 188 mg/dl  16-19 años 23 a 259 mg/dl  Adultos: 40 a 230;;;
;IGM;;INMUNOGLOBULINA M;SUERO;0;No;Si;Si;Inmunodifusion radial;mg/dL;Niños: 28 A 112  Adulto: 40 A 240;0-1 año 0 a 145 mg/dl  1-3 años 19 a 146 mg/dl  4-6 años 24 a 210 mg/dl  7-9 años 31 a 208 mg/dl  10-11 años 31 a 179 mg/dl  12-13 años 35 a 239 mg/dl  14-15 años 15 a 188 mg/dl  16-19 años 23 a 259 mg/dl  Adultos: 40 a 230;;;
INF;531;INMUNOFIJACION en suero;INMUNOFIJACION en suero;SUERO;0;Si;Si;Si;Inmunofijación en gel de agarosa;;;;;;
;IFS;;INMUNOFIJACION en suero;SUERO;0;No;Si;Si;Inmunofijación en gel de agarosa;;;;;;
INSU;INS;INSULINA SERICA;INSULINEMIA (basal);SUERO;0;No;Si;Si;Quimioluminiscencia;µUI/ml;Adultos 2.00 a 14.50 uUI/ml  Prepúberes:Hasta 15 uUI/ml  Pubertad media : Hasta 20;;;;
;543;;INSULINEMIA (basal);SUERO;0;Si;Si;Si;Quimioluminiscencia;µUI/ml;Adultos 2.00 a 14.50 uUI/ml  Prepúberes:Hasta 15 uUI/ml  Pubertad media : Hasta 20;;;;
ION;546;IONOGRAMA PLASMATICO;Sodio;SUERO;0;No;Si;Si;;meq/l;Prematuros: - Sangre de cordón: 116 a 140 mEq/l              - 48 hs: 128 a 148 mEq/l  Recién nacidos - Sangre de cordón: 126 a 166 mEq/l                 - A término: 133 a 146 mEq/l  Niños: 138 a 146 mEq/l;Niños: 138 a 146 mEq/l  Adultos: 136 a 145 mEq/l  Mayores de 90 años: 132 a 146;;;
LAM;378;LAMOTRIGINA;LAMOTRIGINA plasmatica;SUERO;0;Si;Si;Si;HPLC;ug/ml;Como estabilizador del humor : 1 a 6 ug/ml  Como anti convulsivante : 3 - 15 ug/ml  LÍMITE DE CUANTIFICACIÓN: 0.5;;;;
;LAM;;LAMOTRIGINA plasmatica;SUERO;0;No;Si;Si;HPLC;ug/ml;Como estabilizador del humor : 1 a 6 ug/ml  Como anti convulsivante : 3 - 15 ug/ml  LÍMITE DE CUANTIFICACIÓN: 0.5;;;;
LH;LH;LH HORMONA LUTEOTROFICA;L.H. PLASMATICA;SUERO;0;No;Si;Si;Quimioluminiscencia;mUI/ml.;Hombre adulto: 1,5 a 9,3 mUl/ml  Mujer fase folicular: 1,9 a 12,5 mUl/ml  Mujer mitad del ciclo: 8,7 a 76,3 mUl/ml  Mujer fase lútea: 0,5 a 16,9 mUl/ml  Mujer postmenopausia: 15,9 a 54,0 mUl/ml;;;;
;612;;L.H. PLASMATICA;SUERO;0;Si;Si;Si;Quimioluminiscencia;mUI/ml.;Hombre adulto: 1,5 a 9,3 mUl/ml  Mujer fase folicular: 1,9 a 12,5 mUl/ml  Mujer mitad del ciclo: 8,7 a 76,3 mUl/ml  Mujer fase lútea: 0,5 a 16,9 mUl/ml  Mujer postmenopausia: 15,9 a 54,0 mUl/ml;;;;
LIS;613;LIPASA en sangre;LIPASA SERICA;SUERO;0;Si;Si;Si;Colorimétrico;Ul/l;13 - 60 Ul/l;;;;
;LPS;;LIPASA SERICA;SUERO;0;No;Si;Si;Colorimétrico;Ul/l;13 - 60 Ul/l;;;;
LPA;621;LIPOPROTEINA A;LIPOPROTEINA A-Lp(a);SUERO;0;Si;Si;Si;Inmunoturbidimetría;nmol/l;Hasta 75.0 nmol/L  valores intermedios: 75-125 nmol/L  Valores elevados: >125;;;;
;LPA;;LIPOPROTEINA A-Lp(a);SUERO;0;No;Si;Si;Inmunoturbidimetría;nmol/l;Hasta 75.0 nmol/L  valores intermedios: 75-125 nmol/L  Valores elevados: >125;;;;
LIT;LI;LITIO PLASMATICO;DOSAJE DE LITIO PLASMATICO;SUERO;0;No;Si;Si;Colorimétrico;mmol/l;Intervalo terapéutico: 0.6 a 1.2 mmol/l  Intervalo tóxico: Mayor a 2;;;;
;623;;DOSAJE DE LITIO PLASMATICO;SUERO;0;Si;Si;Si;Colorimétrico;mmol/l;Intervalo terapéutico: 0.6 a 1.2 mmol/l  Intervalo tóxico: Mayor a 2;;;;
ILU;367;LUPICO ANTICOAGULANTE SIN INHIBIDOR;CONCENTRACIÓN DE PROTROMBINA;CITRATO;0;Si;Si;Si;Coagulométrico;%;70 a 120;;;;
;LA1;;KPTT NORMAL;CITRATO;0;No;Si;Si;Coagulométrico;seg;28 a 40;;;;
;AL8;;CONCENTRACIÓN DE PROTROMBINA;CITRATO;0;No;Si;Si;Coagulométrico;%;70 a 120;;;;
;AL9;;RAZÓN INTERNACIONAL NORMATIZADA (RIN);CITRATO;0;No;Si;Si;Coagulométrico;;0.90 A 1.20;;;;
;AL3;;TIEMPO DE PROTROMBINA;CITRATO;0;No;Si;Si;Coagulométrico;seg;Hasta 21.0;;;;
;AL6;;KPTT PACIENTE;CITRATO;0;No;Si;Si;Coagulométrico;seg;28 a 40;;;;
MPRO;777;MACROPROLACTINEMIA;PROLACTINA;SUERO;0;Si;Si;Si;Quimioluminiscencia;ng/ml;Hombre adulto 2.1 a 17.7 ng/ml  Mujer adulta 2.8 a 29.2;;;;
;MPR;;% DE RECUPERACIÓN;SUERO;0;No;Si;Si;Quimioluminiscencia post precipitación con PEG;%;Ausencia: > 60 %  Dudoso: 30 a 60 %  Presencia: < 30;;;;
;PRL;;PROLACTINA;SUERO;0;No;Si;Si;Quimioluminiscencia;ng/ml;Hombre adulto 2.1 a 17.7 ng/ml  Mujer adulta 2.8 a 29.2;;;;
;PPP;;PROLACTINA POST-PEG;SUERO;0;No;Si;Si;Quimioluminiscencia post precipitación con PEG;ng/ml;;;;;
MP G;690;MICOPLASMA PNEUMANIAE,AC IGG;ANTICUERPOS ANTI MICOPLASMA PNEUMONIAE (IgM);SUERO;0;Si;Si;Si;Enzimoinmunoensayo;U/ml;Negativo < 9  Indeterminado 9-11  Positivo > 11;;;;
;MYPG;;ANTICUERPOS ANTI MICOPLASMA PNEUMONIAE (IgM);SUERO;0;No;Si;Si;Enzimoinmunoensayo;U/ml;Negativo < 9  Indeterminado 9-11  Positivo > 11;;;;
MP M;691;MICOPLASMA PNEUMANIAE,AC IGM;ANTICUERPOS ANTI MICOPLASMA PNEUMONIAE (IgG);SUERO;0;Si;Si;Si;Enzimoinmunoensayo;U/ml;Negativo < 9  Indeterminado 9-11  Positivo > 11;;;;
;691;;ANTICUERPOS ANTI MICOPLASMA PNEUMONIAE (IgG);SUERO;0;No;Si;Si;Enzimoinmunoensayo;U/ml;Negativo < 9  Indeterminado 9-11  Positivo > 11;;;;
OST;689;OSTEOCALCINA;OSTEOCALCINA;SUERO;0;Si;Si;Si;Quimioluminiscencia;ng/ml;Mujer premenopáusica : 11.0 a 43.0 ng/ml  Mujer postmenopáusica : 15.0 a 46.0 ng/ml  Hombre menor de 30 años : 24.0 a 70.0 ng/ml  Hombre mayor de 30 años : 14.0 a 46.0;;;;
;OST;;OSTEOCALCINA;SUERO;0;No;Si;Si;Quimioluminiscencia;ng/ml;Mujer premenopáusica : 11.0 a 43.0 ng/ml  Mujer postmenopáusica : 15.0 a 46.0 ng/ml  Hombre menor de 30 años : 24.0 a 70.0 ng/ml  Hombre mayor de 30 años : 14.0 a 46.0;;;;
PAPP;853;PAPP - A;PAPP-A;SUERO;0;Si;Si;Si;Quimioluminiscencia;mUI/ml;;;;;
;PPA;;PAPP-A;SUERO;0;No;Si;Si;Quimioluminiscencia;mUI/ml;;;;;
PTH;PTH;PARATHORMONA;PTH;P/E.D.T.A;0;No;Si;Si;Electroquimioluminiscencia;pg/ml;17.3 - 74.1;;;;
;739;;PTH;P/E.D.T.A;0;Si;Si;Si;Electroquimioluminiscencia;pg/ml;17.3 - 74.1;;;;
PARO G;86;PAROTIDITIS ANTIC.ANTI IgG;Anticuerpos Anti-PAROTIDITIS IGG;SUERO;0;Si;Si;Si;Quimioluminiscencia;UA/ml;Negativo : menor a 9 UA/ml  Indeterminado : 9 a 11 UA/ml  Positivo : mayor o igual a 11 UA/ml;;;;
;PAR-G;;Anticuerpos Anti-PAROTIDITIS IGG;SUERO;0;No;Si;Si;Quimioluminiscencia;UA/ml;Negativo : menor a 9 UA/ml  Indeterminado : 9 a 11 UA/ml  Positivo : mayor o igual a 11 UA/ml;;;;
PARVO G;769;PARVOVIRUS ANTIC.ANTI IgG;Anticuerpos PARVOVIRUS HUMANO B 19;SUERO;0;Si;Si;Si;Quimioluminiscencia;;Negativo : < 0,9  Indeterminado : 0,9 - 1,0  Positivo : > 1,0;;;;
;PVG;;Anticuerpos PARVOVIRUS HUMANO B 19;SUERO;0;No;Si;Si;Quimioluminiscencia;;Negativo : < 0,9  Indeterminado : 0,9 - 1,0  Positivo : > 1,0;;;;
PARVO M;770;PARVOVIRUS ANTIC.ANTI IgM;Anticuerpos PARVOVIRUS HUMANO B 19;SUERO;0;Si;Si;Si;Quimioluminiscencia;;Negativo : < 0,9  Indeterminado : 0,9 - 1,0  Positivo : > 1,0;;;;
;PVM;;Anticuerpos PARVOVIRUS HUMANO B 19;SUERO;0;No;Si;Si;Quimioluminiscencia;;Negativo : < 0,9  Indeterminado : 0,9 - 1,0  Positivo : > 1,0;;;;
PCRU;PCU;PCR ULTRASENSIBLE;PCR ULTRASENSIBLE;SUERO;0;Si;Si;Si;Turbidimético;mg/l;Hasta 5.0;;;;
;PCU;;PCR ULTRASENSIBLE;SUERO;0;No;Si;Si;Turbidimético;mg/l;Hasta 5.0;;;;
CCP G;950;PEPTIDO CITRULINADO CICLICO AC IGG ANTI (CCP-IGG);AC. ANTI PEPTIDOS CITRULINADOS (ANTI-CCP);SUERO;0;Si;Si;Si;Quimioluminiscencia;U/ml;Negativo: Menor a 5 U/ml  Positivo: Mayor o igual a 5;;;;
;CCP;;AC. ANTI PEPTIDOS CITRULINADOS (ANTI-CCP);SUERO;0;No;Si;Si;Quimioluminiscencia;U/ml;Negativo: Menor a 5 U/ml  Positivo: Mayor o igual a 5;;;;
PBNP;PBN;Pro BNP - PEPTIDO NATRIURETICO , HORMONA;PRO PEPTIDO NATRIURETICO CEREBRAL N TERMINAL (NT-p;SUERO;0;Si;Si;Si;Quimioluminiscencia;pg/ml;Insuficiencia cardíaca poco probable.   Todas las edades: < 300 pg/ml  Insuficiencia cardíaca probable   22 a 50 años: 450 pg/ml   50-75 años: 900 pg/ml   Mayor de 75 años: 1800 pg/ml;;;;
;PBNP;;PRO PEPTIDO NATRIURETICO CEREBRAL N TERMINAL (NT-p;SUERO;0;No;Si;Si;Quimioluminiscencia;pg/ml;Insuficiencia cardíaca poco probable.   Todas las edades: < 300 pg/ml  Insuficiencia cardíaca probable   22 a 50 años: 450 pg/ml   50-75 años: 900 pg/ml   Mayor de 75 años: 1800 pg/ml;;;;
PG;758;PROGESTERONA PLASMATICA;PROGESTERONA PLASMATICA;SUERO;0;Si;Si;Si;Quimioluminiscencia;ng/ml;Fase folicular: 0,2 a  1,40;Fase luteínica: 3,4 a 25,6;Post menopáusica:  0 - 0.73;Hombre adulto: 0.28 a 1.22;
;PRG;;PROGESTERONA PLASMATICA;SUERO;0;No;Si;Si;Quimioluminiscencia;ng/ml;Fase folicular: 0,2 a  1,40;Fase luteínica: 3,4 a 25,6;Post menopáusica:  0 - 0.73;Hombre adulto: 0.28 a 1.22;
PL;PRL;PROLACTINA;PROLACTINA PLASMATICA;SUERO;0;No;Si;Si;Quimioluminiscencia;ng/ml;Hombre: 2,1 a 17,7 ng/ml  Mujer: 2,8 a 29,2 ng/ml;;;;
;759;;PROLACTINA PLASMATICA;SUERO;0;Si;Si;Si;Quimioluminiscencia;ng/ml;Hombre: 2,1 a 17,7 ng/ml  Mujer: 2,8 a 29,2 ng/ml;;;;
PTG;ALBU;PROTEINOGRAMA;Albumina;SUERO;0;No;Si;Si;;;;;;;
;764;;Proteinas totales;SUERO;0;Si;Si;Si;;g/dl;;;;;
;PTT;;Proteinas totales;SUERO;0;No;Si;Si;;g/dl;;;;;
CHE;772;PSEUDOCOLINESTERASA;PSEUDOCOLINESTERASA;SUERO;0;Si;Si;Si;Colorimétrico;U/l;Niños, hombres y mujeres mayores de 40 años: 5320 a 12920 U/l  Mujeres 16 a 39 años no emb, no ACO: 4260 a 11250 U/l  Mujeres 18 a 41 años, embarazadas o ACO: 3650 a 9120;;;;
;PSE;;PSEUDOCOLINESTERASA;SUERO;0;No;Si;Si;Colorimétrico;U/l;Niños, hombres y mujeres mayores de 40 años: 5320 a 12920 U/l  Mujeres 16 a 39 años no emb, no ACO: 4260 a 11250 U/l  Mujeres 18 a 41 años, embarazadas o ACO: 3650 a 9120;;;;
RUG;990;RUBEOLA ANTIC.ANTI IgG (EIA);AC. ANTI-RUBEOLA con IgG;SUERO;0;Si;Si;Si;Quimioluminiscencia;UI/ml;Negativo: menor a 5,0 UI/ml  Indeterminado: de 5 a 9,9 UI/ml  Positivo: Igual o mayor a 10,0;;;;
;RUG;;AC. ANTI-RUBEOLA con IgG;SUERO;0;No;Si;Si;Quimioluminiscencia;UI/ml;Negativo: menor a 5,0 UI/ml  Indeterminado: de 5 a 9,9 UI/ml  Positivo: Igual o mayor a 10,0;;;;
RUM;996;RUBEOLA ANTIC.ANTI IgM (EIA);AC.ANTI-RUBEOLA con IgM;SUERO;0;Si;Si;Si;Quimioluminiscencia;;Negativo: menor a 0.75  Indeterminado: 0.75 a 0.99  Positivo: mayor a 1.0  Evaluar siempre en el contexto clínico del paciente;;;;
;RUM;;AC.ANTI-RUBEOLA con IgM;SUERO;0;No;Si;Si;Quimioluminiscencia;;Negativo: menor a 0.75  Indeterminado: 0.75 a 0.99  Positivo: mayor a 1.0  Evaluar siempre en el contexto clínico del paciente;;;;
ASA;ASCA;SACCHAROMYSES , Ac Anti IGG (ASCA);ANTIC. ANTI SACCHAROMYSES IgG (ASCA);SUERO;0;No;Si;Si;Enzimoinmunoensayo;Unidades;Negativo: < 10.0 Unidades  Positivo: > o = 10.0;;;;
;955;;ANTIC. ANTI SACCHAROMYSES IgG (ASCA);SUERO;0;Si;Si;Si;Enzimoinmunoensayo;Unidades;Negativo: < 10.0 Unidades  Positivo: > o = 10.0;;;;
SARA G;SAR-G;SARAMPION ANTIC.ANTI  IgG (IFI/EIA);SARAMPION Ac.ANTI-IgG   (MEASLES);SUERO;0;No;Si;Si;Quimioluminiscencia;UA/ml;Negativo: Hasta 13.5 UA/ml  Indeterminado: 13.5 - 16.5 UA/ml   Positivo:Mayor o igual de 16.5;;;;
;831;;SARAMPION Ac.ANTI-IgG   (MEASLES);SUERO;0;Si;Si;Si;Quimioluminiscencia;UA/ml;Negativo: Hasta 13.5 UA/ml  Indeterminado: 13.5 - 16.5 UA/ml   Positivo:Mayor o igual de 16.5;;;;
SEL;252;SELENIO;SELENIO - Se;SUERO;0;Si;Si;Si;Absorción Atómica;ng/ml;Según Mayo Clinic Laboratories. SES, (2020)    0 a 2 meses: 45 - 90 ng/ml  3 a 6 meses: 50 - 120 ng/ml  7 a 9 meses: 60 - 120 ng/ml  10 a 12 meses: 70 - 130 ng/ml  Mayor de 1 año: 70 - 150     Límite de cuantificación: 0.5;;;;
;252;;SELENIO - Se;SUERO;0;No;Si;Si;Absorción Atómica;ng/ml;Según Mayo Clinic Laboratories. SES, (2020)    0 a 2 meses: 45 - 90 ng/ml  3 a 6 meses: 50 - 120 ng/ml  7 a 9 meses: 60 - 120 ng/ml  10 a 12 meses: 70 - 130 ng/ml  Mayor de 1 año: 70 - 150     Límite de cuantificación: 0.5;;;;
SER;835;SEROTONINA;SEROTONINA (STN) plasmatica;P/E.D.T.A;0;Si;Si;Si;HPLC;ng/ml;Hasta 230 ng/ml  Límite de cuantificación 5;;;;
;STP;;SEROTONINA (STN) plasmatica;P/E.D.T.A;0;No;Si;Si;HPLC;ng/ml;Hasta 230 ng/ml  Límite de cuantificación 5;;;;
HGH;840;SOMATOTROFINA;SOMATOTROFINA (HGH) basal;SUERO;0;Si;Si;Si;Quimioluniscencia;ng/ml;Hombres hasta 3.0 ng/ml  Mujeres hasta 8.0 ng/ml  Niños menores de 1 año: hasta 15.0 ng/ml  Niños mayores de 1 año: hasta 10.0;;;;
;GH;;SOMATOTROFINA (HGH) basal;SUERO;0;No;Si;Si;Quimioluniscencia;ng/ml;Hombres hasta 3.0 ng/ml  Mujeres hasta 8.0 ng/ml  Niños menores de 1 año: hasta 15.0 ng/ml  Niños mayores de 1 año: hasta 10.0;;;;
BHCG;288;SUB UNIDAD BETA DE GONAD.CORION. CUANTITATIVA;G.C.H. SUB-UNIDAD BETA;SUERO;0;Si;Si;Si;Quimioluminiscencia;mUI/ml;;;;;
;BHC;;G.C.H. SUB-UNIDAD BETA;SUERO;0;No;Si;Si;Quimioluminiscencia;mUI/ml;;;;;
T3;878;T3 - TRIIODOTIRONINA;T3 - TRIIODOTIRONINA;SUERO;0;Si;Si;Si;Quimioluminiscencia;ng/ml;Adultos: 0.60 a 1.81;Niños de 6 a 10 años: 0.90 a 2.10;Niños de 1 a 11 meses: 1.00 a 2.20;Niños de 1 a 5 años: 0.90 a 2.20;Niños de 11 a 14 años: 0.70 a 1.90
;T3;;T3 - TRIIODOTIRONINA;SUERO;0;No;Si;Si;Quimioluminiscencia;ng/ml;Adultos: 0.60 a 1.81;Niños de 6 a 10 años: 0.90 a 2.10;Niños de 1 a 11 meses: 1.00 a 2.20;Niños de 1 a 5 años: 0.90 a 2.20;Niños de 11 a 14 años: 0.70 a 1.90
T3L;877;T3 LIBRE;T3 LIBRE;SUERO;0;Si;Si;Si;Quimioluminiscencia;pg/ml;2.30 a 4.20;;;;
;T3L;;T3 LIBRE;SUERO;0;No;Si;Si;Quimioluminiscencia;pg/ml;2.30 a 4.20;;;;
T4;866;T4 - TIROXINA TOTAL;T4 - TIROXINA TOTAL;SUERO;0;Si;Si;Si;Quimioluminiscencia;mcg/dl;Adultos: 4.50 a 11.90;Niños de 6 a 10 años: 5.8 a 12.0;Niños de 1 a 11 meses: 6.3 a 13.6;Niños de 1 a 5 años: 6.0 a 13.0;Niños de 11 a 14 años: 5.4 a 12.0
;T4;;T4 - TIROXINA TOTAL;SUERO;0;No;Si;Si;Quimioluminiscencia;mcg/dl;Adultos: 4.50 a 11.90;Niños de 6 a 10 años: 5.8 a 12.0;Niños de 1 a 11 meses: 6.3 a 13.6;Niños de 1 a 5 años: 6.0 a 13.0;Niños de 11 a 14 años: 5.4 a 12.0
T4L;867;T4 LIBRE;TIROXINA LIBRE;SUERO;0;Si;Si;Si;Quimioluminiscencia;ng/dl;De 0 a 23 meses 0.94 - 1.44 ng/ml;De 2 a 12 años 0.86 - 1.40 ng/ml;De 13 a 20 años 0.83 - 1.43 ng/ml;Adultos: 0.89 - 1.76;
T4L;867A;T4 LIBRE;TIROXINA LIBRE;SUERO;0;Si;Si;Si;Quimioluminiscencia;ng/dl;De 0 a 23 meses 0.94 - 1.44 ng/ml;De 2 a 12 años 0.86 - 1.40 ng/ml;De 13 a 20 años 0.83 - 1.43 ng/ml;Adultos: 0.89 - 1.76;
;T4L;;TIROXINA LIBRE;SUERO;0;No;Si;Si;Quimioluminiscencia;ng/dl;De 0 a 23 meses 0.94 - 1.44 ng/ml;De 2 a 12 años 0.86 - 1.40 ng/ml;De 13 a 20 años 0.83 - 1.43 ng/ml;Adultos: 0.89 - 1.76;
TEB;858;TESTOSTERONA BIODISPONIBLE;TESTOSTERONA BIODISPONIBLE;SUERO;0;Si;Si;Si;Quimioluminiscencia;ng/dl;Hombre: 120 a 480 ng/dl  Mujer: 5 a 19;;;;
;TOB;;TESTOSTERONA BIODISPONIBLE;SUERO;0;No;Si;Si;Quimioluminiscencia;ng/dl;Hombre: 120 a 480 ng/dl  Mujer: 5 a 19;;;;
TEL;859;TESTOSTERONA LIBRE O URINARIA;TESTOSTERONA libre en suero;SUERO;0;Si;Si;Si;Quimioluminiscencia;pg/ml;Mujer adulta : 2.0 a 8.5 pg/ml  Hombre adulto : 50.0 a 220.0;;;;
;TOL;;TESTOSTERONA libre en suero;SUERO;0;No;Si;Si;Quimioluminiscencia;pg/ml;Mujer adulta : 2.0 a 8.5 pg/ml  Hombre adulto : 50.0 a 220.0;;;;
TES;TES;TESTOSTERONA PLASMATICA;TESTOSTERONA SERICA;SUERO;0;No;Si;Si;Quimioluminiscencia;ng/ml;HOMBRE: 2,41 a 8,27 ng/ml;MUJER: 0,14 a 0,76 ng/ml;;;
;863;;TESTOSTERONA SERICA;SUERO;0;Si;Si;Si;Quimioluminiscencia;ng/ml;HOMBRE: 2,41 a 8,27 ng/ml;MUJER: 0,14 a 0,76 ng/ml;;;
TG;860;TIROGLOBULINA;TIROGLOBULINA;SUERO;0;Si;Si;Si;Quimioluminiscencia;ng/ml;En adultos normales:           hasta  77,00;En pacientes tiroidectomizados:      hasta  1,00;;;
;TG;;TIROGLOBULINA;SUERO;0;No;Si;Si;Quimioluminiscencia;ng/ml;En adultos normales:           hasta  77,00;En pacientes tiroidectomizados:      hasta  1,00;;;
TXI;871;TOXOPLASMOSIS I.F. GAMMA ESPEC.;ANTICUERPOS ANTI TOXOPLASMA (IgG);SUERO;0;Si;Si;Si;Inmunofluorescencia indirecta;;Valor de Referencia: Negativo;;;;
;TXG-IFI;;ANTICUERPOS ANTI TOXOPLASMA (IgG);SUERO;0;No;Si;Si;Inmunofluorescencia indirecta;;Valor de Referencia: Negativo;;;;
TXM;570;TOXOPLASMOSIS IgM-IFI REMINGTON T.DE;ANTICUERPOS ANTI TOXOPLASMA (IgM);SUERO;0;Si;Si;Si;Quimiluminiscencia;S/CO;No reactivo: menor de 0.90 S/CO   Indeterminado: 0.90 a 0.99 S/CO   Reactivo: igual o mayor a 1.0;;;;
;TXM;;ANTICUERPOS ANTI TOXOPLASMA (IgM);SUERO;0;No;Si;Si;Quimiluminiscencia;S/CO;No reactivo: menor de 0.90 S/CO   Indeterminado: 0.90 a 0.99 S/CO   Reactivo: igual o mayor a 1.0;;;;
TRA;875;TRANSFERRINA;TRANSFERRINA;SUERO;0;Si;Si;Si;Acido Beta Fenantrolin disulfonico;microg. %;200 a 400;;;;
;TRA;;TRANSFERRINA;SUERO;0;No;Si;Si;Acido Beta Fenantrolin disulfonico;microg. %;200 a 400;;;;
CHA;243;TRIPANOSOMA CRUZI ANTICUERPOS ANTI CHAGAS;Anticuerpos para TRIPANOSOMA CRUZI;SUERO;0;Si;Si;Si;Quimioluminiscencia;;Interpretación:  No Reactivo: menor a 1.00  Reactivo: mayor a 1.00;;;;
;CHE;;Anticuerpos para TRIPANOSOMA CRUZI;SUERO;0;No;Si;Si;Quimioluminiscencia;;Interpretación:  No Reactivo: menor a 1.00  Reactivo: mayor a 1.00;;;;
TROPOI;714;TROPONINA I (TNL);TROPONINA I;SUERO;0;Si;Si;Si;Quimioluminiscencia;pg/ml;Hasta 45.0;;;;
;714;;TROPONINA I;SUERO;0;No;Si;Si;Quimioluminiscencia;pg/ml;Hasta 45.0;;;;
TSH;TSH;TSH - TIROTROFINA PLASMATICA;TSH - TIROTROFINA;SUERO;0;No;Si;Si;Quimioluminiscencia;uUI/ml;Adultos: 0,40 a 4,00;En recien nacidos :   hasta 20;En niños de 6 a 10 años: 0,60 a 5,00;Niños de 1 a 11 meses: 0.80 a 6.20;Niños de 11 a 18 años: 0.50 a 4.40
;865;;TSH - TIROTROFINA;SUERO;0;Si;Si;Si;Quimioluminiscencia;uUI/ml;Adultos: 0,40 a 4,00;En recien nacidos :   hasta 20;En niños de 6 a 10 años: 0,60 a 5,00;Niños de 1 a 11 meses: 0.80 a 6.20;Niños de 11 a 18 años: 0.50 a 4.40
VDR;VDRC;V.D.R.L. CUALITATIVA;REACCION DE V.D.R.L.;SUERO;0;No;Si;Si;Aglutinación en placa;;No reactiva;;;;
;934;;REACCION DE V.D.R.L.;SUERO;0;No;Si;Si;Aglutinación en placa;;No reactiva;;;;
VAL;VAL;VALPROICO ACIDO;ACIDO VALPROICO (VALPROATO);SUERO;0;No;Si;Si;Quimioluminiscencia;ug/ml;De 50,0 a 100,0;;;;
;943;;ACIDO VALPROICO (VALPROATO);SUERO;0;Si;Si;Si;Quimioluminiscencia;ug/ml;De 50,0 a 100,0;;;;
VZG;89;VARICELA ZOSTER ANTIC IgG;ANTIC. ANTI VARICELA ZOSTER (IgG);SUERO;0;Si;Si;Si;ELISA;;Negativo: Menor de 9  Indeterminado: 9 a 11  Positivo: Mayor de 11;;;;
;VZG;;ANTIC. ANTI VARICELA ZOSTER (IgG);SUERO;0;No;Si;Si;ELISA;;Negativo: Menor de 9  Indeterminado: 9 a 11  Positivo: Mayor de 11;;;;
VZM;97;VARICELA ZOSTER ANTIC IgM;Anticuerpos para VARICELA ZOSTER;SUERO;0;Si;Si;Si;Quimioluminiscencia;;Negativo: menor o igual a 0.90  Indeterminado: 0.91 a 1.09  Positivo: mayor o igual a 1.10;;;;
;VZM;;Anticuerpos para VARICELA ZOSTER;SUERO;0;No;Si;Si;Quimioluminiscencia;;Negativo: menor o igual a 0.90  Indeterminado: 0.91 a 1.09  Positivo: mayor o igual a 1.10;;;;
B12;938;VITAMINA B12;VITAMINA B12;SUERO;0;Si;Si;Si;Quimioluminiscencia;pg/ml.;210 a 910;;;;
;VB12;;VITAMINA B12;SUERO;0;No;Si;Si;Quimioluminiscencia;pg/ml.;210 a 910;;;;
V25;10;VITAMINA D3, 25 HIDROXI;25 Hidroxi VITAMINA D3;SUERO;0;Si;Si;Si;Quimioluminiscencia;ng/ml;Valores nutricionalmente recomendados : 20 - 100;;;;
;VITD;;25 Hidroxi VITAMINA D3;SUERO;0;No;Si;Si;Quimioluminiscencia;ng/ml;Valores nutricionalmente recomendados : 20 - 100;;;;
ZIN;981;ZINC SERICO;ZINC en sangre;SUERO;0;Si;Si;Si;Colorimétrico;ug/dL;70 A 120 ug/dl;;;;
;981;;ZINC en sangre;SUERO;0;No;Si;Si;Colorimétrico;ug/dL;70 A 120 ug/dl;;;;
